gene,tissue,top_snp,n_snps,n_eqtl_sig,b_smr,se_smr,p_smr,T_smr,z_gwas_top,z_eqtl_top,p_gwas_top,p_eqtl_top,p_heidi
PICALM,Colon_Transverse,rs597672,3672,189,0.07334772231273785,0.06448068230059045,0.25532319375706036,1.293939633787045,-1.161904761904762,-5.580996607735437,0.2439,5.37765e-08,0.0
PICALM,Colon_Sigmoid,rs7131120,3672,141,-0.18712075954241816,0.058349267856420806,0.0013416969154519108,10.284261740986924,-3.752475247524753,6.175825784163361,0.0001766,2.4864e-09,0.0
ADAM10,Colon_Transverse,rs28455654,4295,463,0.2591248982009328,0.07320250420320534,0.0004003749517189587,12.53044263348832,4.268292682926829,6.335227183895287,2.1e-05,8.72697e-10,0.0
ADAM10,Colon_Sigmoid,rs36017602,4295,318,-0.13988065021940957,0.05075717531337975,0.005853458771189272,7.594870873277046,-3.126050420168067,5.838415638131116,0.001792,1.54819e-08,0.0
CR1,Colon_Transverse,rs72741284,6111,95,0.05940201966866874,0.06091960590723406,0.32951626057263517,0.950797983754167,-1.0173913043478262,-3.4170523861404694,0.3077,0.00072104,3.2410458919160723e-09
CR1,Colon_Sigmoid,rs679515,6111,143,-0.3588395981227266,0.07559464726853975,2.0656655758073907e-06,22.532980113167426,11.961538461538462,-5.171553197900786,5.151e-33,4.60457e-07,0.0
APP,Colon_Transverse,rs9976487,4597,175,0.17949725361498226,0.07365657527552577,0.014811803714217732,5.938716203866233,-2.773809523809524,-5.102075308544926,0.005572,5.99202e-07,1.4733402468058018e-129
APP,Colon_Sigmoid,rs1625289,4592,302,0.06099873493927974,0.0595445447484635,0.3056360480801422,1.0494402041991457,-1.055045871559633,-4.2829524505121155,0.2898,2.58802e-05,2.2313971641452525e-270
SORL1,Colon_Transverse,rs139568145,1569,14,0.024371196914029947,0.10371039593000184,0.8142143171563623,0.055221618704387715,0.23544303797468352,3.801647787839844,0.8147,0.000174324,0.053953553941943094
SORL1,Colon_Sigmoid,rs923893,1569,32,0.05207928488146134,0.06484844027253572,0.4219213715882685,0.6449572876843351,0.8271604938271606,3.353561578845843,0.408,0.000915174,2.6118822949166372e-43
PSEN1,Colon_Transverse,rs11625005,1771,5,-0.001956028479774665,0.135619389496413,0.9884925686302681,0.00020802080735530932,0.014423076923076922,-3.1574591606707223,0.9901,0.00175464,0.016957029045247596
PSEN1,Colon_Sigmoid,rs3742825,1771,92,-0.2092957097766158,0.08592234906848749,0.01485600468706905,5.933464774686052,3.0594059405940595,-4.025927279271811,0.002156,7.42804e-05,4.278171346383636e-17
